"i'mFile",1970/01/26 05:31:23,I'm fine!
"loadtest_0",1970/01/26 05:31:23,pppp
"i'mFile,too",1970/01/26 05:31:23,I'm fineÅCtoo
"double"aaa"",1970/01/26 05:31:23,aaaaaaaaa
"uid=\";alert(document.cookie);\"",1970/01/26 05:31:23,uid=%22;alert(document.cookie);%22
"loadtest_0",1970/01/26 05:31:23,Ç∑Ç∞Å[
"loadtest_5",1970/01/26 05:31:23,a fdgfa
"loadtest_1",1970/01/26 05:31:23,sss
"loadtest_2",1970/01/26 05:31:23,adfg dfg
"loadtest_3",1970/01/26 05:31:23,asdf 
"loadtest_4",1970/01/26 05:31:23,as dfg
"loadtest_0",1970/01/26 05:31:23,aaa
